{
    "ActorOption": {
        "average": 4.097678425052447,
        "count": 2,
        "highest": 4.162874251497006,
        "lowest": 4.0324825986078885,
        "median": 4.097678425052447
    },
    "ActorReaction": {
        "average": 13.080507208369516,
        "count": 5,
        "highest": 31.518446601941747,
        "lowest": 6.120388349514563,
        "median": 18.819417475728155
    },
    "AirWall": {
        "average": 8.66654903350968,
        "count": 3,
        "highest": 8.917705735660848,
        "lowest": 8.253658536585366,
        "median": 8.585682136123108
    },
    "Anchor": {
        "average": 7.020870026281458,
        "count": 23,
        "highest": 7.233716475095785,
        "lowest": 6.1421319796954315,
        "median": 6.687924227395609
    },
    "Area": {
        "average": 6.546277998504174,
        "count": 6,
        "highest": 9.866261398176292,
        "lowest": 5.393422655298417,
        "median": 7.629842026737354
    },
    "AreaManagementForOthers": {
        "average": 5.940578764930838,
        "count": 19,
        "highest": 7.674074074074074,
        "lowest": 3.444283646888567,
        "median": 5.559178860481321
    },
    "AreaManagementForPlayer": {
        "average": 4.457024725401044,
        "count": 12,
        "highest": 7.622188905547226,
        "lowest": 3.4596182085168867,
        "median": 5.540903557032056
    },
    "ArmorHead": {
        "average": 45.43360311041914,
        "count": 186,
        "highest": 80.67233485938522,
        "lowest": 28.74954954954955,
        "median": 54.710942204467386
    },
    "ArmorLower": {
        "average": 32.288264410779526,
        "count": 115,
        "highest": 50.906054279749476,
        "lowest": 22.770465489566615,
        "median": 36.838259884658044
    },
    "ArmorUpper": {
        "average": 57.85408296586171,
        "count": 112,
        "highest": 103.89171270718232,
        "lowest": 27.232810615199035,
        "median": 65.56226166119069
    },
    "Beam": {
        "average": 15.63540361308839,
        "count": 14,
        "highest": 16.807914262159933,
        "lowest": 13.81844589687727,
        "median": 15.313180079518602
    },
    "Bullet": {
        "average": 21.747990479011747,
        "count": 102,
        "highest": 82.69418702611625,
        "lowest": 6.716265499635303,
        "median": 44.70522626287578
    },
    "Camera": {
        "average": 67.74763406940063,
        "count": 1,
        "highest": 67.74763406940063,
        "lowest": 67.74763406940063,
        "median": 67.74763406940063
    },
    "CapturedActor": {
        "average": 19.188877155743583,
        "count": 30,
        "highest": 23.499460625674217,
        "lowest": 15.33275638251839,
        "median": 19.416108504096304
    },
    "ComplexTag": {
        "average": 6.813141325942035,
        "count": 34,
        "highest": 10.633284241531664,
        "lowest": 2.66951871657754,
        "median": 6.651401479054602
    },
    "CookResult": {
        "average": 5.0010911278776815,
        "count": 135,
        "highest": 5.001226993865031,
        "lowest": 4.982885085574572,
        "median": 4.9920560397198015
    },
    "DemoEquipment": {
        "average": 37.663988584715874,
        "count": 7,
        "highest": 70.075,
        "lowest": 18.58121546961326,
        "median": 44.328107734806636
    },
    "DemoNPC": {
        "average": 47.28152269835298,
        "count": 85,
        "highest": 1311.1267252195735,
        "lowest": 4.188295165394402,
        "median": 657.6575101924839
    },
    "Dragon": {
        "average": 170.93902583621613,
        "count": 8,
        "highest": 209.63465505386202,
        "lowest": 100,
        "median": 154.81732752693102
    },
    "Dummy": {
        "average": 7.121619927893976,
        "count": 4,
        "highest": 10.264840182648403,
        "lowest": 6.026109660574413,
        "median": 8.145474921611408
    },
    "EditCamera": {
        "average": 6.924731182795699,
        "count": 1,
        "highest": 6.924731182795699,
        "lowest": 6.924731182795699,
        "median": 6.924731182795699
    },
    "EffectLocater": {
        "average": 4.847881304785367,
        "count": 48,
        "highest": 7.195158850226929,
        "lowest": 3.536113936927772,
        "median": 5.365636393577351
    },
    "Enemy": {
        "average": 21.827048977065914,
        "count": 112,
        "highest": 59.43523168767175,
        "lowest": 7.069473684210526,
        "median": 33.25235268594114
    },
    "EnemySwarm": {
        "average": 336.602536268768,
        "count": 6,
        "highest": 783.835104122397,
        "lowest": 55.270560190703215,
        "median": 419.5528321565501
    },
    "EnvSeEmitPoint": {
        "average": 5.95411942611193,
        "count": 10,
        "highest": 6.595238095238095,
        "lowest": 5.5256257449344455,
        "median": 6.06043192008627
    },
    "EventSystem": {
        "average": 7.525114155251141,
        "count": 1,
        "highest": 7.525114155251141,
        "lowest": 7.525114155251141,
        "median": 7.525114155251141
    },
    "EventTag": {
        "average": 8.574596774193548,
        "count": 2,
        "highest": 8.946428571428571,
        "lowest": 8.202764976958525,
        "median": 8.574596774193548
    },
    "GameBlanceLocater": {
        "average": 19.593663387284458,
        "count": 2,
        "highest": 30.651094890510947,
        "lowest": 8.53623188405797,
        "median": 19.593663387284458
    },
    "GelEnemy": {
        "average": 20.6584816614131,
        "count": 12,
        "highest": 20.758103684932955,
        "lowest": 20.56017783423309,
        "median": 20.659140759583025
    },
    "GiantArmor": {
        "average": 17.62534650969518,
        "count": 5,
        "highest": 20.47687296416938,
        "lowest": 7.709794437726723,
        "median": 14.093333700948051
    },
    "GiantEnemy": {
        "average": 26.532686161995763,
        "count": 11,
        "highest": 30.092515386142544,
        "lowest": 23.375056826791937,
        "median": 26.733786106467242
    },
    "Guardian": {
        "average": 23.654309002330834,
        "count": 11,
        "highest": 25.781029527044684,
        "lowest": 20.795389048991353,
        "median": 23.288209288018017
    },
    "GuardianComponent": {
        "average": 35.36205151051956,
        "count": 16,
        "highest": 41.98860398860399,
        "lowest": 7.851699279093718,
        "median": 24.920151633848857
    },
    "Horse": {
        "average": 25.904040588923863,
        "count": 31,
        "highest": 27.46454809499402,
        "lowest": 20.222995239838887,
        "median": 23.843771667416455
    },
    "HorseObject": {
        "average": 31.623265446130997,
        "count": 14,
        "highest": 40.888888888888886,
        "lowest": 22.425124473381846,
        "median": 31.657006681135364
    },
    "HorseReins": {
        "average": 30.75778734790739,
        "count": 16,
        "highest": 51.44444444444444,
        "lowest": 18.020441097364174,
        "median": 34.73244277090431
    },
    "HorseSaddle": {
        "average": 47.61738642621792,
        "count": 10,
        "highest": 68.80495356037152,
        "lowest": 37.93808049535604,
        "median": 53.371517027863774
    },
    "Item": {
        "average": 14.696544918465053,
        "count": 293,
        "highest": 51.88652482269504,
        "lowest": 5.713235294117647,
        "median": 28.799880058406345
    },
    "LastBoss": {
        "average": 27.13835109854253,
        "count": 1,
        "highest": 27.13835109854253,
        "lowest": 27.13835109854253,
        "median": 27.13835109854253
    },
    "LineBeam": {
        "average": 15.446226574680454,
        "count": 6,
        "highest": 16.413205537806178,
        "lowest": 13.9434554973822,
        "median": 15.178330517594189
    },
    "LinkTag": {
        "average": 0.5188939973678854,
        "count": 8,